dateTime,sedentary_minutes,very_active_minutes,moderately_active_minutes,lightly_active_minutes,Total_Steps,Total_Calories,Total_Distance,overall_score,resting_heart_rate,day,is_weekend,success_steps,deep,wake,light,rem,restless,awake,asleep
2020-06-09,746.0,38.0,26.0,161.0,8793.0,2202.7499999999964,587280.0,84.0,67.14453315734863,Tuesday,N,N,73,50,238,108,,,
2020-06-10,791.0,6.0,14.0,181.0,3405.0,2041.0999999999963,228430.0,79.0,68.2968864440918,Wednesday,N,N,90,62,191,105,,,
2020-06-20,663.0,0.0,0.0,272.0,6862.0,2102.5999999999867,459950.0,87.0,68.13088512420654,Saturday,Y,N,95,61,226,123,,,
2020-06-21,751.0,0.0,0.0,76.0,1213.0,1610.1000000000015,81280.0,88.0,67.15695190429688,Sunday,Y,N,100,62,239,109,,,
2020-06-27,678.0,0.0,0.0,237.0,5702.0,2007.4999999999843,382210.0,86.0,68.95558738708496,Saturday,Y,N,99,75,206,145,,,
2020-06-28,722.0,13.0,11.0,175.0,5739.0,2046.8899999999935,384910.0,91.0,68.99421787261963,Sunday,Y,N,117,50,226,126,,,
2020-06-29,849.0,35.0,9.0,185.0,5118.0,2188.8799999999815,324580.0,77.0,70.62868213653564,Monday,N,N,75,28,170,89,,,
2020-06-30,925.0,0.0,0.0,137.0,2694.0,1717.1999999999923,176400.0,79.0,69.88156127929688,Tuesday,N,N,87,45,155,91,,,
2020-07-01,757.0,44.0,6.0,182.0,6177.0,2218.659999999984,391220.0,82.0,67.53514194488525,Wednesday,N,N,77,50,248,76,,,
2020-07-02,935.0,0.0,0.0,88.0,1599.0,1622.099999999994,107100.0,81.0,67.20690631866455,Thursday,N,N,69,39,222,87,,,
2020-07-03,793.0,44.0,8.0,178.0,7143.0,2245.8299999999836,464320.0,85.0,64.85619449615479,Friday,N,N,95,36,209,77,,,
2020-07-04,610.0,4.0,25.0,277.0,9308.0,2247.4999999999923,624320.0,83.0,0.0,Saturday,Y,N,65,72,290,97,,,
2020-07-06,796.0,13.0,28.0,151.0,4635.0,2007.889999999981,292940.0,83.0,65.09176445007324,Monday,N,N,90,49,190,123,,,
2020-07-06,796.0,13.0,28.0,151.0,4635.0,2007.889999999981,292940.0,83.0,65.09176445007324,Monday,N,N,90,49,190,123,,,
2020-07-09,857.0,0.0,0.0,139.0,2686.0,1798.4999999999868,180030.0,82.0,64.78652954101562,Thursday,N,N,117,38,158,131,,,
2020-07-10,608.0,38.0,20.0,332.0,12902.0,2686.879999999985,849710.0,84.0,65.83366012573242,Friday,N,Y,69,58,226,89,,,
2020-07-11,947.0,0.0,0.0,56.0,913.0,1603.500000000001,61180.0,78.0,65.34510040283203,Saturday,Y,N,92,58,197,90,,,
2020-07-13,827.0,27.0,15.0,183.0,6898.0,2168.9899999999866,444700.0,75.0,64.32562160491943,Monday,N,N,40,59,186,103,,,
2020-07-14,917.0,0.0,0.0,146.0,3697.0,1793.9999999999907,247840.0,73.0,66.59966087341309,Tuesday,N,N,73,28,221,55,,,
2020-07-15,749.0,47.0,8.0,210.0,7061.0,2394.1899999999896,457830.0,83.0,64.50772094726562,Wednesday,N,N,70,50,214,92,,,
2020-07-16,924.0,0.0,0.0,134.0,3369.0,1782.299999999989,225840.0,73.0,64.26000595092773,Thursday,N,N,78,48,166,90,,,
2020-07-17,742.0,47.0,15.0,219.0,9189.0,2489.85999999999,598410.0,83.0,63.07967567443848,Friday,N,N,69,45,221,82,,,
2020-07-19,844.0,6.0,7.0,136.0,2292.0,1852.6999999999948,153600.0,79.0,66.32198429107666,Sunday,Y,N,94,54,206,93,,,
2020-07-20,790.0,10.0,25.0,167.0,4644.0,1982.6999999999848,292850.0,81.0,66.186279296875,Monday,N,N,98,42,205,103,,,
2020-07-21,868.0,0.0,0.0,107.0,2193.0,1681.3999999999996,146930.0,78.0,66.03536796569824,Tuesday,N,N,92,53,241,79,,,
2020-07-23,907.0,0.0,0.0,151.0,3719.0,1816.589999999996,249370.0,76.0,66.14785957336426,Thursday,N,N,74,34,179,95,,,
2020-07-24,788.0,31.0,39.0,109.0,4777.0,2086.060000000001,292920.0,88.0,65.5242862701416,Friday,N,N,89,40,235,109,,,
2020-07-26,733.0,0.0,0.0,192.0,3826.0,1902.9999999999914,256480.0,82.0,67.646728515625,Sunday,Y,N,80,79,215,141,,,
2020-07-27,821.0,8.0,18.0,215.0,6491.0,2143.789999999989,425490.0,76.0,67.80204200744629,Monday,N,N,72,50,176,80,,,
2020-07-29,311.0,48.0,8.0,76.0,4238.0,1448.4199999999958,262300.0,81.0,67.24455547332764,Wednesday,N,N,62,47,194,101,,,
2020-03-08,671.0,0.0,0.0,233.0,4282.0,1943.7999999999895,286900.0,85.0,67.46272850036621,Sunday,Y,N,68,69,304,95,,,
2020-03-08,671.0,0.0,0.0,233.0,4282.0,1943.7999999999895,286900.0,85.0,67.46272850036621,Sunday,Y,N,68,69,304,95,,,
2020-03-09,773.0,24.0,18.0,199.0,6924.0,2202.5799999999836,447670.0,79.0,67.64748573303223,Monday,N,N,83,62,213,68,,,
2020-03-15,819.0,0.0,0.0,6.0,0.0,1456.6000000000004,0.0,90.0,0.0,Sunday,Y,N,153,75,231,156,,,
2020-03-17,772.0,0.0,0.0,183.0,4243.0,1834.099999999995,278450.0,83.0,65.05899143218994,Tuesday,N,N,75,71,214,125,,,
2020-03-18,806.0,0.0,0.0,161.0,4508.0,1862.3999999999887,302340.0,83.0,65.048171043396,Wednesday,N,N,94,67,221,91,,,
2020-03-19,885.0,0.0,0.0,106.0,1886.0,1653.6999999999964,126340.0,86.0,64.66991138458252,Thursday,N,N,103,41,188,117,,,
2020-03-20,765.0,0.0,0.0,216.0,5533.0,1929.4999999999916,370980.0,78.0,64.54562568664551,Friday,N,N,64,65,222,108,,,
2020-04-02,914.0,0.0,7.0,141.0,2388.0,1798.6999999999907,155740.0,55.0,66.60849666595459,Thursday,N,N,32,85,212,49,,,
2020-04-03,691.0,38.0,17.0,166.0,6073.0,2153.4499999999966,403730.0,84.0,65.36835289001465,Friday,N,N,109,92,217,110,,,
2020-04-04,782.0,9.0,8.0,78.0,1853.0,1705.3799999999999,116900.0,75.0,66.80157470703125,Saturday,Y,N,67,84,351,61,,,
2020-04-08,874.0,0.0,0.0,82.0,1598.0,1615.4999999999955,107050.0,81.0,66.59307384490967,Wednesday,N,N,113,60,238,73,,,
2020-04-11,811.0,0.0,0.0,63.0,1112.0,1566.9999999999982,74470.0,84.0,65.37759494781494,Saturday,Y,N,123,69,268,106,,,
2020-04-13,867.0,23.0,10.0,58.0,3864.0,1806.5999999999988,259980.0,76.0,0.0,Monday,N,N,80,83,248,71,,,
2020-04-15,830.0,17.0,7.0,86.0,3531.0,1769.8499999999963,234130.0,82.0,67.57303524017334,Wednesday,N,N,103,68,174,155,,,
2020-04-20,746.0,26.0,7.0,117.0,2952.0,1946.4599999999962,181340.0,86.0,65.88740062713623,Monday,N,N,115,63,221,145,,,
2020-04-22,841.0,0.0,0.0,199.0,4308.0,1887.7999999999884,288610.0,71.0,66.46882724761963,Wednesday,N,N,59,52,235,54,,,
2020-04-23,843.0,0.0,0.0,85.0,1665.0,1621.799999999994,111540.0,84.0,65.92757892608643,Thursday,N,N,104,77,249,82,,,
2020-04-29,850.0,0.0,0.0,77.0,1294.0,1596.2999999999977,86610.0,82.0,64.36553573608398,Wednesday,N,N,122,71,219,101,,,
2020-05-05,870.0,37.0,15.0,139.0,9340.0,2033.89999999999,643080.0,70.0,67.45938014984131,Tuesday,N,N,101,50,158,70,,,
2020-05-06,948.0,32.0,5.0,70.0,2141.0,1873.130000000002,134740.0,72.0,67.05609703063965,Wednesday,N,N,79,58,152,96,,,
2019-10-10,815.0,0.0,0.0,175.0,4109.0,1868.9999999999866,275300.0,86.0,74.23785018920898,Thursday,N,N,102,35,209,104,,,
2019-10-10,815.0,0.0,0.0,175.0,4109.0,1868.9999999999866,275300.0,86.0,74.23785018920898,Thursday,N,N,102,35,209,104,,,
2019-10-11,904.0,0.0,0.0,169.0,3701.0,1873.3999999999846,248050.0,76.0,73.72789001464844,Friday,N,N,50,34,191,92,,,
2019-10-12,726.0,8.0,2.0,120.0,2133.0,1760.4999999999843,142800.0,90.0,74.0014476776123,Saturday,Y,N,111,53,261,159,,,
2019-10-13,818.0,0.0,0.0,120.0,2796.0,1715.8999999999912,187470.0,87.0,73.29516506195068,Sunday,Y,N,87,45,263,107,,,
2019-10-14,795.0,0.0,0.0,120.0,2879.0,1740.39999999999,192910.0,85.0,72.48334789276123,Monday,N,N,89,65,265,106,,,
2019-10-15,746.0,6.0,7.0,220.0,5101.0,2090.18999999999,341900.0,81.0,71.66232681274414,Tuesday,N,N,42,61,278,80,,,
2019-10-16,718.0,0.0,0.0,140.0,2803.0,1747.5999999999901,187750.0,89.0,70.5982837677002,Wednesday,N,N,110,44,300,128,,,
2019-10-17,750.0,0.0,0.0,96.0,2277.0,1654.5999999999883,152520.0,87.0,69.33941459655762,Thursday,N,N,104,82,278,130,,,
2019-10-18,793.0,0.0,0.0,196.0,4070.0,1941.6999999999857,272790.0,79.0,66.40734958648682,Friday,N,N,87,54,234,76,,,
2019-10-19,709.0,0.0,0.0,215.0,5672.0,1951.6999999999837,377370.0,83.0,63.05825614929199,Saturday,Y,N,74,67,284,91,,,
2019-10-20,705.0,0.0,0.0,234.0,3423.0,1969.3999999999814,226850.0,83.0,65.46301174163818,Sunday,Y,N,146,50,195,110,,,
2019-10-21,624.0,0.0,0.0,190.0,4075.0,1963.0999999999894,273110.0,81.0,64.43890857696533,Monday,N,N,99,131,268,128,,,
2019-10-23,860.0,0.0,0.0,182.0,4999.0,1949.8899999999887,335110.0,73.0,65.11332607269287,Wednesday,N,N,62,55,202,79,,,
2019-10-24,879.0,0.0,0.0,112.0,2843.0,1760.7999999999925,190600.0,82.0,65.92297267913818,Thursday,N,N,83,27,222,117,,,
2019-10-26,819.0,0.0,0.0,101.0,1801.0,1696.199999999993,120740.0,83.0,65.50118350982666,Saturday,Y,N,110,46,243,121,,,
2019-09-03,776.0,0.0,0.0,184.0,5742.0,1935.369999999984,381600.0,82.0,67.66646575927734,Tuesday,N,N,86,46,213,135,,,
2019-09-04,646.0,30.0,73.0,246.0,9155.0,2547.2199999999893,609720.0,76.0,70.62310886383057,Wednesday,N,N,77,55,201,112,,,
2019-09-05,821.0,4.0,4.0,203.0,4657.0,2018.7699999999857,309180.0,75.0,71.1967134475708,Thursday,N,N,49,39,255,65,,,
2019-09-06,769.0,0.0,0.0,156.0,4925.0,1845.6499999999862,330240.0,84.0,70.11328220367432,Friday,N,N,101,75,212,127,,,
2019-09-07,697.0,0.0,0.0,184.0,3646.0,1854.5999999999885,244350.0,91.0,68.60319805145264,Saturday,Y,N,120,63,230,146,,,
2019-09-08,650.0,0.0,0.0,112.0,2388.0,1719.7199999999907,160020.0,90.0,66.81699180603027,Sunday,Y,N,92,69,367,150,,,
2019-09-09,820.0,52.0,3.0,166.0,5456.0,2287.2299999999927,354290.0,79.0,64.36323642730713,Monday,N,N,48,67,217,67,,,
2019-09-10,787.0,0.0,0.0,166.0,4664.0,1884.1999999999925,312820.0,83.0,65.3804063796997,Tuesday,N,N,81,40,232,134,,,
2019-09-10,787.0,0.0,0.0,166.0,4664.0,1884.1999999999925,312820.0,83.0,65.3804063796997,Tuesday,N,N,81,40,232,134,,,
2019-09-11,791.0,45.0,17.0,159.0,6507.0,2277.549999999987,417510.0,80.0,64.63045692443848,Wednesday,N,N,67,39,201,121,,,
2019-09-12,806.0,0.0,0.0,136.0,4351.0,1827.979999999991,291920.0,87.0,63.989784240722656,Thursday,N,N,81,46,243,128,,,
2019-09-13,717.0,60.0,13.0,226.0,8149.0,2675.480000000005,517800.0,78.0,65.87373542785645,Friday,N,N,79,46,189,110,,,
2019-09-14,621.0,5.0,9.0,278.0,8621.0,2235.2499999999877,578170.0,77.0,67.23749351501465,Saturday,Y,N,61,54,334,78,,,
2019-09-15,512.0,5.0,6.0,328.0,12567.0,2364.709999999989,839700.0,90.0,65.56736087799072,Sunday,Y,Y,89,61,296,143,,,
2019-09-16,847.0,36.0,14.0,154.0,5997.0,2180.529999999989,388090.0,78.0,67.9407205581665,Monday,N,N,72,28,196,93,,,
2019-09-18,783.0,48.0,13.0,169.0,7075.0,2454.519999999999,459110.0,85.0,65.51244640350342,Wednesday,N,N,80,21,189,137,,,
2019-09-19,789.0,0.0,0.0,244.0,5044.0,2153.4599999999928,338220.0,76.0,66.10079097747803,Thursday,N,N,73,38,214,82,,,
2019-09-20,702.0,58.0,19.0,260.0,11058.0,2728.520000000002,714720.0,77.0,69.18310928344727,Friday,N,Y,73,39,159,130,,,
2019-09-21,702.0,0.0,0.0,240.0,5698.0,2066.589999999989,382050.0,85.0,69.48864650726318,Saturday,Y,N,135,51,184,128,,,
2019-09-22,503.0,0.0,0.0,300.0,6812.0,2129.3099999999845,456530.0,93.0,69.16109085083008,Sunday,Y,N,165,63,277,132,,,
2019-09-23,766.0,42.0,7.0,150.0,4983.0,2143.32999999998,323360.0,81.0,68.88927555084229,Monday,N,N,98,55,223,99,,,
2019-09-24,822.0,0.0,0.0,142.0,3286.0,1807.2799999999877,220270.0,82.0,66.31059646606445,Tuesday,N,N,80,64,239,93,,,
2019-09-25,650.0,43.0,8.0,188.0,5825.0,2363.76,376190.0,77.0,67.92982578277588,Wednesday,N,N,88,116,220,127,,,
2019-09-26,872.0,0.0,0.0,172.0,4139.0,1890.109999999986,277500.0,77.0,69.68039226531982,Thursday,N,N,80,30,186,100,,,
2019-09-27,742.0,0.0,0.0,196.0,5502.0,1959.8999999999944,368840.0,83.0,68.98909854888916,Friday,N,N,96,64,214,128,,,
2019-09-28,550.0,2.0,6.0,245.0,7797.0,2087.419999999989,522980.0,90.0,68.72172832489014,Saturday,Y,N,127,52,270,188,,,
2019-09-29,778.0,7.0,6.0,91.0,3967.0,1744.6499999999949,266160.0,87.0,67.97973728179932,Sunday,Y,N,98,71,283,106,,,
2019-10-01,435.0,12.0,45.0,386.0,11121.0,2711.799999999992,745680.0,80.0,70.03437519073486,Tuesday,N,Y,100,90,243,129,,,
2019-10-02,762.0,0.0,0.0,130.0,3700.0,1767.89999999999,246380.0,90.0,72.41288089752197,Wednesday,N,N,129,55,236,128,,,
2019-10-05,700.0,0.0,0.0,188.0,4590.0,1862.8999999999933,307670.0,87.0,73.07659244537354,Saturday,Y,N,128,36,259,129,,,
2019-10-06,719.0,0.0,0.0,180.0,4881.0,1867.9999999999882,327360.0,91.0,72.55942249298096,Sunday,Y,N,116,49,252,124,,,
2019-10-07,682.0,41.0,4.0,140.0,8462.0,2113.209999999988,579420.0,90.0,73.09946250915527,Monday,N,N,94,54,311,114,,,
2019-10-08,799.0,22.0,2.0,146.0,6097.0,1996.2799999999834,416040.0,76.0,72.68896961212158,Tuesday,N,N,64,80,222,105,,,
2019-10-09,922.0,0.0,0.0,92.0,2101.0,1660.7999999999986,140820.0,81.0,74.67595100402832,Wednesday,N,N,114,38,161,113,,,
2020-01-18,486.0,0.0,0.0,304.0,8734.0,2154.999999999988,585720.0,87.0,73.28457736968994,Saturday,Y,N,95,81,305,169,,,
2020-01-19,654.0,0.0,0.0,203.0,4415.0,1899.69999999999,295990.0,84.0,72.6127986907959,Sunday,Y,N,,,,,9,2,65
2020-01-19,654.0,0.0,0.0,203.0,4415.0,1899.69999999999,295990.0,84.0,72.6127986907959,Sunday,Y,N,88,59,260,100,,,
2020-01-20,688.0,23.0,26.0,228.0,6808.0,2287.1899999999846,439450.0,76.0,72.02160739898682,Monday,N,N,72,77,236,90,,,
2020-01-21,791.0,0.0,0.0,156.0,4326.0,1833.0999999999888,289980.0,86.0,71.2873306274414,Tuesday,N,N,94,56,204,139,,,
2020-01-22,750.0,39.0,10.0,178.0,7013.0,2214.609999999981,446420.0,78.0,70.01899337768555,Wednesday,N,N,100,67,192,104,,,
2020-01-23,785.0,0.0,9.0,151.0,4098.0,1881.599999999992,274760.0,83.0,70.60350608825684,Thursday,N,N,79,48,237,131,,,
2020-01-24,719.0,0.0,0.0,146.0,3145.0,1761.199999999992,210760.0,76.0,70.05688381195068,Friday,N,N,99,82,187,131,,,
2020-01-26,601.0,0.0,0.0,317.0,6894.0,2119.1999999999853,462090.0,84.0,68.76386260986328,Sunday,Y,N,91,68,241,122,,,
2020-01-27,858.0,27.0,13.0,139.0,3908.0,1988.08999999998,245600.0,76.0,69.42753410339355,Monday,N,N,47,57,212,87,,,
2020-01-28,902.0,0.0,0.0,112.0,2563.0,1715.2999999999922,168050.0,82.0,68.62574768066406,Tuesday,N,N,82,43,208,93,,,
2020-01-29,788.0,35.0,14.0,186.0,7025.0,2313.8699999999776,451470.0,82.0,67.03013324737549,Wednesday,N,N,72,42,195,108,,,
2020-01-30,872.0,4.0,7.0,135.0,2912.0,1844.9999999999907,195130.0,74.0,68.50759601593018,Thursday,N,N,91,36,193,102,,,
2020-02-05,863.0,44.0,7.0,134.0,4895.0,2183.369999999986,313740.0,77.0,67.68646812438965,Wednesday,N,N,91,46,154,101,,,
2020-02-06,660.0,7.0,11.0,244.0,5400.0,2154.99999999998,361960.0,85.0,67.9271469116211,Thursday,N,N,127,54,195,142,,,
2020-05-09,604.0,47.0,1.0,166.0,8431.0,2078.0899999999906,661380.0,86.0,65.7710428237915,Saturday,Y,N,125,73,260,164,,,
2020-05-10,647.0,38.0,10.0,163.0,8133.0,2126.950000000002,523860.0,87.0,65.40408897399902,Sunday,Y,N,135,59,237,151,,,
2020-05-11,757.0,48.0,6.0,181.0,9329.0,2224.7799999999957,719050.0,76.0,66.11212062835693,Monday,N,N,95,50,229,74,,,
2020-05-12,842.0,0.0,0.0,110.0,2040.0,1673.1999999999905,136610.0,80.0,66.00752925872803,Tuesday,N,N,96,67,243,82,,,
2020-05-13,793.0,27.0,9.0,126.0,2870.0,1926.3799999999935,182340.0,90.0,65.64479446411133,Wednesday,N,N,120,58,174,133,,,
2020-05-14,920.0,0.0,0.0,76.0,1735.0,1624.8000000000022,116290.0,73.0,66.25748920440674,Thursday,N,N,69,67,243,65,,,
2020-05-17,613.0,2.0,11.0,210.0,5067.0,1967.7999999999897,339600.0,86.0,65.54487609863281,Sunday,Y,N,119,73,250,162,,,
2020-05-18,819.0,34.0,7.0,145.0,4259.0,2066.249999999997,273310.0,80.0,65.60662651062012,Monday,N,N,90,51,214,80,,,
2020-05-19,756.0,69.0,13.0,133.0,11664.0,2257.8699999999963,873290.0,76.0,64.6445894241333,Tuesday,N,Y,74,78,245,72,,,
2020-05-22,750.0,0.0,0.0,329.0,9430.0,2294.9899999999875,632300.0,72.0,66.61321926116943,Friday,N,N,74,41,172,74,,,
2020-05-23,663.0,0.0,0.0,285.0,5385.0,2094.299999999985,360740.0,82.0,66.9893627166748,Saturday,Y,N,116,56,188,132,,,
2020-05-24,751.0,0.0,6.0,189.0,3786.0,1871.8999999999892,253740.0,84.0,65.9882345199585,Sunday,Y,N,97,59,213,125,,,
2020-05-25,852.0,22.0,11.0,170.0,5281.0,2124.889999999991,342580.0,73.0,66.51146125793457,Monday,N,N,70,58,187,70,,,
2020-05-26,742.0,0.0,0.0,186.0,4473.0,1906.7999999999904,299910.0,86.0,66.95490169525146,Tuesday,N,N,120,68,206,118,,,
2020-05-27,657.0,37.0,3.0,216.0,7339.0,2306.529999999989,483470.0,84.0,65.86713123321533,Wednesday,N,N,90,70,224,143,,,
2020-05-30,816.0,0.0,0.0,188.0,3654.0,1870.7999999999886,244690.0,77.0,66.2733964920044,Saturday,Y,N,80,56,188,112,,,
2020-05-31,799.0,0.0,0.0,86.0,1885.0,1659.1000000000004,126420.0,83.0,66.19998931884766,Sunday,Y,N,131,69,229,126,,,
2020-06-01,883.0,0.0,0.0,53.0,1074.0,1577.4999999999975,71960.0,80.0,66.6630916595459,Monday,N,N,101,74,227,102,,,
2019-11-12,876.0,0.0,0.0,144.0,3107.0,1833.1999999999905,208300.0,73.0,69.85297107696533,Tuesday,N,N,72,42,208,98,,,
2019-11-13,744.0,48.0,17.0,157.0,5615.0,2329.0199999999936,355610.0,71.0,73.31917476654053,Wednesday,N,N,97,67,245,65,,,
2019-11-15,878.0,0.0,0.0,137.0,3445.0,1783.799999999996,230910.0,78.0,72.98118209838867,Friday,N,N,100,26,182,117,,,
2019-11-18,850.0,22.0,13.0,168.0,5452.0,2079.0599999999795,352710.0,78.0,72.79775905609131,Monday,N,N,62,49,175,101,,,
2019-11-19,792.0,0.0,0.0,166.0,4268.0,1849.8999999999924,286230.0,88.0,71.90047550201416,Tuesday,N,N,124,46,162,150,,,
2019-11-20,808.0,35.0,5.0,193.0,5920.0,2196.20999999998,383340.0,79.0,72.29324245452881,Wednesday,N,N,61,43,206,89,,,
2019-11-21,748.0,0.0,0.0,140.0,4375.0,1828.1999999999903,292830.0,87.0,72.66712856292725,Thursday,N,N,27,60,325,140,,,
2019-11-22,758.0,37.0,4.0,183.0,6334.0,2206.2899999999827,412090.0,77.0,72.70525360107422,Friday,N,N,90,60,237,71,,,
2019-11-23,1064.0,0.0,0.0,181.0,5177.0,1873.1999999999873,345280.0,67.0,74.25198268890381,Saturday,Y,N,21,36,101,37,,,
2019-11-24,600.0,0.0,9.0,113.0,3911.0,1748.6999999999903,262350.0,95.0,73.58033561706543,Sunday,Y,N,,,,,7,0,90
2019-11-24,600.0,0.0,9.0,113.0,3911.0,1748.6999999999903,262350.0,95.0,73.58033561706543,Sunday,Y,N,149,66,251,155,,,
2019-11-25,814.0,16.0,25.0,190.0,5029.0,2107.899999999983,323140.0,81.0,73.3754415512085,Monday,N,N,61,43,204,87,,,
2019-11-26,880.0,0.0,0.0,136.0,3633.0,1799.0999999999844,243530.0,71.0,74.34443187713623,Tuesday,N,N,76,68,212,68,,,
2019-11-27,752.0,41.0,20.0,237.0,9015.0,2477.6799999999844,591890.0,82.0,74.62853145599365,Wednesday,N,N,70,35,188,97,,,
2019-11-28,842.0,42.0,24.0,213.0,11161.0,2354.33999999999,752570.0,75.0,76.91232681274414,Thursday,N,Y,75,30,130,84,,,
2019-11-29,459.0,24.0,8.0,353.0,18815.0,2634.8499999999945,1260870.0,86.0,75.67030715942383,Friday,N,Y,133,88,268,107,,,
2019-11-30,517.0,33.0,36.0,309.0,16456.0,2617.599999999992,1102980.0,89.0,73.08400535583496,Saturday,Y,Y,104,64,241,136,,,
2019-12-01,503.0,52.0,29.0,291.0,16413.0,2616.9499999999853,1110950.0,90.0,71.55450820922852,Sunday,Y,Y,100,72,230,163,,,
2019-12-02,461.0,27.0,29.0,390.0,20882.0,2823.0999999999926,1396010.0,85.0,70.0110387802124,Monday,N,Y,80,58,291,104,,,
2019-12-03,592.0,15.0,14.0,267.0,13048.0,2379.4999999999923,877580.0,84.0,69.90836715698242,Tuesday,N,Y,129,75,236,112,,,
2019-12-04,712.0,18.0,14.0,251.0,10694.0,2285.4699999999903,719570.0,61.0,72.5856580734253,Wednesday,N,Y,,,,,3,1,73
2019-12-04,712.0,18.0,14.0,251.0,10694.0,2285.4699999999903,719570.0,61.0,72.5856580734253,Wednesday,N,Y,60,52,205,51,,,
2019-12-06,814.0,21.0,17.0,242.0,8561.0,2325.809999999984,561190.0,71.0,70.63834953308105,Friday,N,N,51,50,156,89,,,
2019-12-07,483.0,0.0,0.0,386.0,10560.0,2398.7999999999847,708180.0,86.0,70.92443656921387,Saturday,Y,Y,164,38,250,119,,,
2019-12-09,805.0,40.0,27.0,185.0,7838.0,2345.2199999999893,510520.0,76.0,72.60226440429688,Monday,N,N,79,43,184,77,,,
2019-12-09,805.0,40.0,27.0,185.0,7838.0,2345.2199999999893,510520.0,76.0,72.60226440429688,Monday,N,N,79,43,184,77,,,
2019-12-23,941.0,30.0,9.0,57.0,2933.0,1827.39,188020.0,76.0,0.0,Monday,N,N,85,44,190,84,,,
2020-01-02,973.0,0.0,0.0,80.0,1202.0,1660.4999999999998,80620.0,74.0,74.17019271850586,Thursday,N,N,88,18,156,125,,,
2020-02-07,685.0,34.0,9.0,241.0,8040.0,2356.67999999999,523890.0,82.0,69.04107284545898,Friday,N,N,60,68,244,99,,,
2020-02-07,685.0,34.0,9.0,241.0,8040.0,2356.67999999999,523890.0,82.0,69.04107284545898,Friday,N,N,60,68,244,99,,,
2020-02-08,692.0,0.0,0.0,228.0,5025.0,1942.7999999999895,336860.0,84.0,68.10537147521973,Saturday,Y,N,85,71,232,132,,,
2020-02-09,597.0,0.0,0.0,215.0,5564.0,1946.799999999991,373140.0,86.0,66.85321044921875,Sunday,Y,N,93,92,255,107,,,
2020-02-11,745.0,0.0,0.0,148.0,3069.0,1789.199999999988,205650.0,88.0,66.1087703704834,Tuesday,N,N,100,56,277,114,,,
2020-02-12,800.0,45.0,7.0,195.0,6328.0,2334.3399999999774,405220.0,84.0,63.10702037811279,Wednesday,N,N,64,37,202,90,,,
2020-02-13,812.0,0.0,0.0,131.0,3042.0,1767.9999999999911,203920.0,83.0,63.554171562194824,Thursday,N,N,111,48,217,121,,,
2020-02-15,722.0,5.0,11.0,104.0,3477.0,1738.9999999999968,233160.0,73.0,65.41958808898926,Saturday,Y,N,100,142,278,78,,,
2020-02-16,687.0,0.0,0.0,167.0,3763.0,1806.7999999999909,248340.0,79.0,64.13173007965088,Sunday,Y,N,93,108,284,101,,,
2020-02-17,638.0,29.0,23.0,226.0,7593.0,2388.2899999999936,489130.0,80.0,64.28140258789062,Monday,N,N,108,74,287,55,,,
2020-02-18,858.0,0.0,0.0,127.0,2861.0,1755.199999999992,191790.0,78.0,66.69841861724854,Tuesday,N,N,87,50,207,111,,,
2020-02-19,730.0,40.0,27.0,232.0,7981.0,2483.6899999999873,504050.0,82.0,67.47592639923096,Wednesday,N,N,107,41,172,91,,,
2020-02-20,798.0,0.0,0.0,163.0,7953.0,1920.7999999999913,533520.0,85.0,69.14140510559082,Thursday,N,N,130,45,171,133,,,
2020-02-21,525.0,68.0,34.0,359.0,20379.0,2915.5999999999885,1365730.0,77.0,71.5017318725586,Friday,N,Y,92,61,218,83,,,
2020-02-22,513.0,89.0,41.0,230.0,19217.0,2699.989999999984,1293590.0,88.0,71.24813842773438,Saturday,Y,Y,119,75,253,120,,,
2020-02-23,564.0,34.0,28.0,206.0,13617.0,2288.8799999999933,915030.0,87.0,70.23297595977783,Sunday,Y,Y,125,70,304,109,,,
2020-02-24,683.0,12.0,7.0,236.0,9846.0,2158.299999999991,657380.0,84.0,70.17390251159668,Monday,N,N,109,82,225,86,,,
2020-02-25,783.0,0.0,0.0,173.0,4221.0,1865.4999999999882,282940.0,85.0,70.17811012268066,Tuesday,N,N,69,61,265,89,,,
2020-02-26,840.0,38.0,8.0,150.0,5224.0,2138.4599999999823,330900.0,77.0,69.78765964508057,Wednesday,N,N,61,54,211,78,,,
2020-02-27,757.0,7.0,11.0,175.0,4229.0,1986.1799999999935,283430.0,88.0,69.03990650177002,Thursday,N,N,117,48,188,137,,,
2020-02-28,722.0,41.0,6.0,259.0,9507.0,2462.2499999999804,618480.0,80.0,69.62498569488525,Friday,N,N,93,36,187,96,,,
2020-02-29,492.0,7.0,30.0,301.0,14279.0,2384.099999999993,958440.0,90.0,69.31035614013672,Saturday,Y,Y,161,62,224,163,,,
2020-03-01,487.0,111.0,84.0,325.0,25013.0,3245.5999999999844,1678720.0,75.0,72.14744758605957,Sunday,Y,Y,77,68,201,87,,,
2020-03-02,618.0,0.0,0.0,341.0,8379.0,2205.6999999999853,561830.0,88.0,70.08506202697754,Monday,N,N,84,60,245,92,,,
2020-03-03,860.0,0.0,0.0,109.0,2530.0,1689.7999999999915,169570.0,93.0,69.39803886413574,Tuesday,N,N,115,46,164,146,,,
2020-03-04,789.0,0.0,0.0,137.0,4602.0,1803.29999999999,308650.0,92.0,69.34402465820312,Wednesday,N,N,115,59,221,119,,,
2020-03-05,811.0,0.0,0.0,164.0,4502.0,1842.5999999999922,301950.0,87.0,68.68510913848877,Thursday,N,N,76,55,218,116,,,
2020-03-06,744.0,44.0,19.0,182.0,8622.0,2285.7699999999836,557240.0,88.0,69.22553730010986,Friday,N,N,91,42,209,109,,,
2020-03-07,647.0,2.0,8.0,316.0,10548.0,2294.289999999987,707540.0,85.0,68.67427825927734,Saturday,Y,Y,129,57,168,113,,,
